,instance,status,obj,model time (s),total time (s),gap
0,FTQL_makespan,2,74452.0,0.11400008201599121,0.14260268211364746,0.0
0,MetalMeca_makespan,11,555028.0,167.05700016021729,168.94522738456726,0.1950099814784119
0,FTQL_makespan,2,74452.0,0.20799994468688965,0.22908306121826172,0.0
0,MetalMeca_makespan,11,535706.0,116.91499996185303,118.86138939857483,0.1696449483350589
0,URT_20_deadline,11,6001.0,36.361000061035156,50.30876111984253,0.03282786202299617
