,instance,status,obj,model time (s),total time (s),gap
0,FTQL_makespan,2,250662.0,0.6840000152587891,0.7271535396575928,0.0
0,FTQL_makespan,2,250662.0,0.6380000114440918,0.6800665855407715,0.0
0,FTQL_deadline,2,47572.0,0.25099992752075195,0.2750377655029297,0.0
0,MetalMeca_makespan,9,3075047.0,360.15700006484985,361.6586835384369,0.16336085234102424
