,instance,status,obj,model time (s),total time (s),gap
0,MetalMeca_makespan,9,3011220.0,360.0930001735687,361.6702585220337,0.14754993622817442
