,instance,status,obj,model time (s),total time (s),gap
0,MetalMeca_makespan,9,539515.0,360.1339998245239,361.7120041847229,0.16712046931039914
