instance;status;obj;model time;total time
Fattahi_setup_01;2;122.0;0.0009999275207519531;1.443387746810913
