{ "SolutionInfo": { "Status": 9, "Runtime": 3.6016199994087219e+02, "Work": 2.8723573078087355e+02, "ObjVal": 1e+100, "ObjBound": 9793, "ObjBoundC": 9793, "MIPGap": 1e+100, "IterCount": 647419, "BarIterCount": 0, "NodeCount": 3699, "SolCount": 0}}