,instance,status,obj,model time (s),total time (s),gap
0,MetalMeca_makespan,9,516890.0,360.18099999427795,362.1781497001648,0.13260783958426933
0,MetalMeca_makespan,9,516890.0,360.1639997959137,362.2107629776001,0.1328364873752807
0,MetalMeca_deadline,9,66627.0,360.39600014686584,362.51866030693054,0.8751407087216894
