{ "SolutionInfo": { "Status": 9, "Runtime": 1.0024000167846680e+01, "Work": 1.0198358547365713e+01, "ObjVal": 1e+100, "ObjBound": 0, "ObjBoundC": 0, "MIPGap": 1e+100, "IterCount": 64009, "BarIterCount": 0, "NodeCount": 55, "SolCount": 0}}