instance;status;obj;model time;total time
Behnke1;2;90.0;6700.2990000247955;6702.527589559555
Behnke10;11;155.0;2146.513000011444;2147.728499650955
