instance;status;obj;model time;total time
Behnke1;2;90.0;6700.2990000247955;6702.527589559555
