instance;status;obj;model time;total time
Fattahi_setup_01;2;66.0;0.004000186920166016;1.3158867359161377
Fattahi_setup_02;2;107.0;0.002000093460083008;0.09218525886535645
Fattahi_setup_03;2;221.0;0.019999980926513672;0.11339426040649414
