instance;status;obj;model time;total time
Fattahi_setup_01;2;66.0;0.004000186920166016;1.3158867359161377
