instance;status;obj;model time;total time
Behnke01;2;90.0;7242.328000068665;7246.44345664978
Behnke02;2;91.0;1055.6449999809265;1056.6388309001923
