name;value
C25;1.0
C26;1.0
Z_FO;28.0
s[0,0,1];29.999999999997282
s[0,1,1];20.00000000004009
s[1,0,0];5.000000000003716
s[1,1,1];3.979485392954857e-12
x[0,0,0,0];0.0
x[0,0,0,1];1.0
x[0,0,1,0];0.0
x[0,0,1,1];1.0
x[0,1,0,0];0.0
x[0,1,0,1];0.0
x[0,1,1,0];0.0
x[0,1,1,1];1.0
x[1,0,0,0];0.0
x[1,0,0,1];0.0
x[1,0,1,0];0.0
x[1,0,1,1];0.0
x[1,1,0,0];0.0
x[1,1,0,1];0.0
x[1,1,1,0];0.0
x[1,1,1,1];0.0
y[0,0,1];1.0
y[0,1,1];1.0
y[1,0,0];1.0
y[1,1,1];1.0
