instance;status;obj;model time (s);total time (s)
Fattahi_setup_05;2;415.0;0.023000001907348633;0.12642788887023926
