instance;status;obj;model time (s);total time (s)
Fattahi_setup_03;2;869.0;0.014999866485595703;0.12775349617004395
