instance;status;obj;model time (s);total time (s)
Fattahi_setup_04;2;1312.0;0.026000022888183594;0.1318504810333252
