instance;status;obj;model time (s);total time (s)
Fattahi_setup_17;9;15866.999987369796;10800.549000024796;10800.830602645874
