instance;status;obj;model time (s);total time (s)
Fattahi_setup_10;2;3498.0;0.06700015068054199;0.21971487998962402
