instance;status;obj;model time (s);total time (s)
FTQL;2;245520.0;0.1639997959136963;0.5992100238800049
