instance;status;obj;model time (s);total time (s)
Fattahi_setup_18;9;18704.999979103326;10800.226999998093;10815.613211393356
