instance;status;obj;model time (s);total time (s)
Fattahi_setup_20;9;31853.999986355142;10801.371000051498;10805.613384723663
