instance;status;obj;model time (s);total time (s)
MetalMeca;9;1003979.9999995235;10811.022000074387;10816.95106101036
