,instance,status,obj,model time (s),total time (s),gap
0,FTQL_makespan,2,250662.0,0.24499988555908203,0.2662637233734131,0.0
0,FTQL_deadline,2,47572.0,0.15200018882751465,0.17305731773376465,0.0
0,MetalMeca_makespan,9,3022934.0,360.1210000514984,361.65888953208923,0.1491513768143935
