instance;status;obj;model time;total time
Fattahi_setup_01;2;115.0;0.0009999275207519531;1.2647535800933838
