,instance,status,obj,model time (s),total time (s),gap
0,MetalMeca_makespan,9,3014724.0,360.0939998626709,361.7561414241791,0.15154945516058949
0,MetalMeca_deadline,9,55677.0,360.1010000705719,361.7757019996643,0.8831654004346499
