instance;status;obj;model time (s);total time (s)
Fattahi_setup_08;2;1111.0;0.029999971389770508;0.1233363151550293
