instance;status;obj;model time (s);total time (s)
FTQL;2;0.0;0.004999876022338867;43.59803104400635
