instance;status;obj;model time (s);total time (s)
Fattahi_setup_10;2;3498.0;0.046000003814697266;0.19013547897338867
