instance;status;obj;model time (s);total time (s)
Fattahi_setup_07;2;1846.0;0.006000041961669922;0.10925412178039551
