instance;status;obj;model time (s);total time (s)
Snt01;2;177.0;19.536999940872192;20.16081738471985
