instance;status;obj;model time (s);total time (s)
Fattahi_setup_06;2;1540.0;0.015999794006347656;0.11249804496765137
