instance;status;obj;model time (s);total time (s)
FTQL;2;231840.0;0.04800009727478027;1.424346685409546
