instance;status;obj;model time (s);total time (s)
Fattahi_setup_06;2;1540.0;0.01699995994567871;0.13071942329406738
