instance;status;obj;model time (s);total time (s)
Fattahi_setup_02;2;273.0;0.003000020980834961;0.09338021278381348
