instance;status;obj;model time (s);total time (s)
Snt01;2;177.0;19.51800012588501;20.12586236000061
