instance;status;obj;model time (s);total time (s)
Fattahi_setup_07;2;1846.0;0.009000062942504883;0.14044785499572754
