instance;status;obj;model time (s);total time (s)
FTQL;2;0.0;0.003000020980834961;0.4362356662750244
