instance;status;obj;model time (s);total time (s)
Fattahi_setup_03;2;869.0;0.012000083923339844;0.10963940620422363
