instance;status;obj;model time (s);total time (s)
FTQL;2;231840.0;0.03299999237060547;0.3056755065917969
