instance;status;obj;model time (s);total time (s)
FTQL;2;0.0;0.005000114440917969;0.7139606475830078
