instance;status;obj;model time;total time
Behnke01;2;90.0;7242.328000068665;7246.44345664978
