instance;status;obj;model time;total time
Behnke01;2;90.0;7242.328000068665;7246.44345664978
Behnke02;2;91.0;1055.6449999809265;1056.6388309001923
Behnke03;2;91.0;3315.2279999256134;3315.7875695228577
Behnke04;2;97.0;4080.744999885559;4081.3794927597046
Behnke05;11;90.99999900153674;1322.994999885559;1323.3524317741394
