instance;status;obj;model time (s);total time (s)
Snt01;2;177.0;33.71600008010864;35.343507528305054
