,instance,status,obj,model time (s),total time (s),gap
0,SNT_01_makespan,2,224.0,0.03699994087219238,4.722215890884399,0.0
0,SNT_01_makespan,2,322.0,0.006999969482421875,0.02152109146118164,0.0
0,SNT_01_makespan,2,322.0,0.024000167846679688,0.053011178970336914,0.0
0,SNT_01_makespan,2,322.0,0.005000114440917969,0.028392314910888672,0.0
