name;value
C29;0.0
C30;1.0
C31;1.0
Z_FO;379.0
s[0,0,0];0.0
s[0,0,1];724.0000000000166
s[0,1,0];635.0
s[1,0,1];501.000000000008
s[1,1,0];480.0
s[1,1,1];0.0
x[0,0,0,0];0.0
x[0,0,0,1];0.0
x[0,0,1,0];1.0
x[0,0,1,1];0.0
x[0,1,0,0];0.0
x[0,1,0,1];0.0
x[0,1,1,0];0.0
x[0,1,1,1];1.0
x[1,0,0,0];0.0
x[1,0,0,1];0.0
x[1,0,1,0];0.0
x[1,0,1,1];0.0
x[1,1,0,0];0.0
x[1,1,0,1];0.0
x[1,1,1,0];0.0
x[1,1,1,1];0.0
y[0,0,0];0.0
y[0,0,1];1.0
y[0,1,0];1.0
y[1,0,1];1.0
y[1,1,0];1.0
y[1,1,1];0.0
