name;value
C25;1.0
C26;1.0
Z_FO;28.0
s[0,0,1];29.999999999994508
s[0,1,1];19.99999999999843
s[1,0,0];5.000000000003624
s[1,1,1];3.979450606833541e-12
x[0,0,0,0];0.0
x[0,0,0,1];1.0
x[0,0,1,0];0.0
x[0,0,1,1];1.0
x[0,1,0,0];0.0
x[0,1,0,1];0.0
x[0,1,1,0];0.0
x[0,1,1,1];1.0
x[1,0,0,0];0.0
x[1,0,0,1];0.0
x[1,0,1,0];0.0
x[1,0,1,1];0.0
x[1,1,0,0];0.0
x[1,1,0,1];0.0
x[1,1,1,0];0.0
x[1,1,1,1];0.0
y[0,0,1];1.0
y[0,1,1];1.0
y[1,0,0];1.0
y[1,1,1];1.0
