,instance,status,obj,model time (s),total time (s),gap
0,FTQL_makespan,2,250662.0,0.8640000820159912,0.897899866104126,0.0
0,FTQL_deadline,2,47572.0,0.38700008392333984,0.39229702949523926,0.0
0,MetalMeca_makespan,9,3030127.0,360.21599984169006,361.7869336605072,0.15090804611341194
