,instance,status,obj,model time (s),total time (s),gap
0,MetalMeca_makespan,11,529533.0,1113.7219998836517,1115.7203488349915,0.1533539930467034
0,MetalMeca_makespan,11,515665.0,7865.993000030518,7867.932368278503,0.12565522189793762
