,instance,status,obj,model time (s),total time (s),gap
0,FTQL_makespan,2,250662.0,0.15000009536743164,0.1654188632965088,0.0
0,FTQL_deadline,2,47572.0,0.24400019645690918,0.2634150981903076,0.0
0,FTQL_makespan,2,250564.0,0.10199999809265137,0.11764693260192871,0.0
0,FTQL_deadline,2,47074.0,0.14100003242492676,0.1488184928894043,0.0
0,FTQL_makespan,2,250662.0,0.12000012397766113,0.14099860191345215,0.0
0,FTQL_deadline,2,47572.0,0.13299989700317383,0.15625,0.0
0,MetalMeca_makespan,9,3025949.0,360.24399995803833,361.74330472946167,0.15001602275539294
