,instance,status,obj,model time (s),total time (s)
0,FTQL_modified_deadline,2,34533.0,0.11899995803833008,0.14984130859375
0,MetalMeca_modified_deadline,2,0.0,3.2930002212524414,5.692365884780884
0,PlasticInjection_modified_deadline,9,70636.0,10801.375,10801.593519687653
