,instance,status,obj,model time (s),total time (s),gap
0,PlasticInjection_makespan,11,296509394.0,16.818000078201294,17.002338647842407,0.1218197886843863
0,PlasticInjection_makespan,11,299637080.0,32.63900017738342,32.80907964706421,0.11550071265412111
