,instance,status,obj,model time (s),total time (s),gap
0,MetalMeca_makespan,9,3068162.0,360.3100001811981,361.7693705558777,0.16225517839206066
0,MetalMeca_deadline,9,77557.0,360.09500002861023,361.7514269351959,0.8813002050105084
