,instance,status,obj,model time (s),total time (s),gap
0,FTQL_makespan,Optimal,18177.999999999978,0.48400000005494803,0.5302243232727051,0.0
0,MetalMeca_makespan,Optimal,33855.0,20.42200000002049,24.233381748199463,0.38111403625033785
0,PlasticInjection_makespan,Optimal,16557387.0,0.39099999994505197,0.7248680591583252,0.0
0,FTQL_makespan,Optimal,18177.999999999978,0.062000000034458935,0.11071968078613281,0.0
