,instance,status,obj,model time (s),total time (s),gap
0,MetalMeca_makespan,11,513488.0,5083.660000085831,5085.674483299255,0.1209427217811323
