,instance,status,obj,model time (s),total time (s),gap
0,MetalMeca_makespan,9,548057.0,60.13499999046326,62.09585356712341,0.1851589549514525
