,instance,status,obj,model time (s),total time (s),gap
0,MetalMeca_makespan,9,521370.0,360.10199999809265,361.57039403915405,0.14291330022320314
0,MetalMeca_deadline,9,76647.0,360.10599994659424,361.71823620796204,0.8798909285425391
