,instance,status,obj,model time (s),total time (s),gap
0,MetalMeca_makespan,9,521385.0,360.18300008773804,361.86915016174316,0.1456522147116664
0,MetalMeca_deadline,9,55677.0,360.2330000400543,361.85885214805603,0.8829498715807246
