{ "SolutionInfo": { "Status": 11, "Runtime": 1.4689998626708984e+00, "Work": 1.2112426583743368e+00, "ObjVal": 1e+100, "ObjBound": 0, "ObjBoundC": 0, "MIPGap": 1e+100, "IterCount": 6761, "BarIterCount": 0, "NodeCount": 1, "SolCount": 0}}