,instance,status,obj,model time (s),total time (s),gap
0,MetalMeca_makespan,9,532847.0,360.164999961853,361.8205375671387,0.1585952440381573
